Algorithm took Iterations to converge: ,42
Algorithm took Iterations to converge: ,59
Algorithm took Iterations to converge: ,26
Algorithm took Iterations to converge: ,45
Algorithm took Iterations to converge: ,29
Algorithm took Iterations to converge: ,29
Algorithm took Iterations to converge: ,37
Algorithm took Iterations to converge: ,38
Algorithm took Iterations to converge: ,19
Algorithm took Iterations to converge: ,42
Algorithm took Iterations to converge: ,26
Algorithm took Iterations to converge: ,31
Algorithm took Iterations to converge: ,27
Algorithm took Iterations to converge: ,36
Algorithm took Iterations to converge: ,29
Algorithm took Iterations to converge: ,38
Algorithm took Iterations to converge: ,49
Algorithm took Iterations to converge: ,50
Algorithm took Iterations to converge: ,39
Algorithm took Iterations to converge: ,44
Algorithm took Iterations to converge: ,24
Algorithm took Iterations to converge: ,30
Algorithm took Iterations to converge: ,27
Algorithm took Iterations to converge: ,28
Algorithm took Iterations to converge: ,35
Algorithm took Iterations to converge: ,28
Algorithm took Iterations to converge: ,48
Algorithm took Iterations to converge: ,41
Algorithm took Iterations to converge: ,52
Algorithm took Iterations to converge: ,73
Algorithm took Iterations to converge: ,33
